{
  "version": 1,
  "author": "João Bertan",
  "editor": "wokwi",
  "parts": [
    { "type": "wokwi-esp32-devkit-v1", "id": "esp", "top": 0, "left": 0, "attrs": {} },
    { "type": "wokwi-dht22", "id": "dht1", "top": 0.3, "left": -207, "attrs": {} },
    {
      "type": "board-ssd1306",
      "id": "oled1",
      "top": 204.74,
      "left": -210.97,
      "attrs": { "i2cAddress": "0x3c" }
    },
    { "type": "wokwi-led", "id": "led1", "top": 44.4, "left": 176.6, "attrs": { "color": "red" } }
  ],
  "connections": [
    [ "esp:TX0", "$serialMonitor:RX", "", [] ],
    [ "esp:RX0", "$serialMonitor:TX", "", [] ],
    [ "dht1:GND", "esp:GND.2", "black", [ "v0" ] ],
    [ "dht1:SDA", "esp:D13", "green", [ "v0" ] ],
    [ "dht1:VCC", "esp:VIN", "red", [ "v0" ] ],
    [ "oled1:SDA", "esp:D5", "blue", [ "h307.27", "v-119.9" ] ],
    [ "oled1:SCL", "esp:D4", "purple", [ "h288.3", "v-91.2" ] ],
    [ "oled1:VCC", "esp:VIN", "red", [ "v0" ] ],
    [ "oled1:GND", "esp:GND.2", "black", [ "v0" ] ],
    [ "led1:A", "esp:D2", "red", [ "v0" ] ],
    [ "led1:C", "esp:GND.1", "black", [ "v0" ] ]
  ],
  "dependencies": {}
}